MAE,RMSE,Tail MAE (P10),Tail MAE (P90)
12.50803409373245,19.076054711064188,14.214914917032436,30.953944159452373
