,mae,rmse,tail_mae_p90
naive_24h,25.41747743055556,38.97866939084063,49.55936631944445
naive_168h,32.637840567129636,47.332974433937856,51.932297453703704
ridge,14.925692675338842,21.954172474589583,26.499416131181892
lightgbm,14.258020658319827,22.43913910721599,31.882842596625185
