,mae,rmse,tail_mae_p90
naive_24h,26.18732667824074,39.72729253173096,49.713854166666664
naive_168h,33.13298234953703,48.16733876596036,53.514904513888894
ridge,16.94545516364054,24.554896207429138,30.36584370572612
lightgbm,15.55169386698931,23.947870876715374,35.0241630137234
