,mae,rmse,tail_mae_p90
naive_24h,26.082735795454543,40.058395386684424,51.26873737373737
naive_168h,33.413874053030305,48.62723745483782,52.97250631313131
ridge,15.767781746322681,22.723750147874174,27.213395210954516
lightgbm,13.782354559673387,21.577876307949943,27.72820903972001
