,mae,rmse,tail_mae_p90
naive_24h,26.082735795454543,40.058395386684424,51.26873737373737
naive_168h,33.413874053030305,48.62723745483782,52.97250631313131
ridge,15.709598158846125,22.617487368369606,26.75432418427242
lightgbm,13.81919363085375,21.621593934162135,28.092488405882353
